data,produto,categoria,quantidade,preco_unitario,regiao,vendedor
2024-01-01,Notebook Dell,Eletrônicos,1,2854.72,Norte,Ricardo Almeida
2024-01-01,Teclado Mecânico,Eletrônicos,10,374.78,Leste,Ricardo Almeida
2024-01-01,Tênis Esportivo,Roupas,8,299.39,Leste,Fernanda Lima
2024-01-01,Notebook Dell,Eletrônicos,4,2662.66,Oeste,João Pereira
2024-01-02,Azeite Extra Virgem,Alimentos,8,47.44,Centro,Fernanda Lima
2024-01-02,Mouse Logitech,Eletrônicos,8,97.97,Centro,Patricia Costa
2024-01-02,Chocolate Importado,Alimentos,8,26.75,Centro,Patricia Costa
2024-01-02,Camiseta Básica,Roupas,7,48.07,Sul,Ricardo Almeida
2024-01-03,Vinho Tinto,Alimentos,2,85.43,Norte,Maria Oliveira
2024-01-03,Vinho Tinto,Alimentos,7,91.44,Leste,Ricardo Almeida
2024-01-03,Livro de Python,Livros,3,85.57,Centro,João Pereira
2024-01-03,Camiseta Básica,Roupas,8,47.8,Centro,Paulo Rodrigues
2024-01-03,Webcam HD,Eletrônicos,7,290.55,Leste,Patricia Costa
2024-01-04,Vinho Tinto,Alimentos,8,83.25,Oeste,Ana Silva
2024-01-04,Tênis Esportivo,Roupas,2,301.5,Oeste,Ana Silva
2024-01-04,Café Premium 500g,Alimentos,4,31.29,Leste,Paulo Rodrigues
2024-01-05,Jogo de Toalhas,Casa,10,93.77,Centro,Paulo Rodrigues
2024-01-05,Liquidificador,Casa,1,181.51,Leste,Ana Silva
2024-01-05,Mouse Logitech,Eletrônicos,10,95.66,Leste,Ricardo Almeida
2024-01-06,Café Premium 500g,Alimentos,2,31.87,Sul,Paulo Rodrigues
2024-01-06,Liquidificador,Casa,5,193.48,Oeste,Maria Oliveira
2024-01-07,Mouse Logitech,Eletrônicos,8,84.8,Norte,Paulo Rodrigues
2024-01-07,Jogo de Toalhas,Casa,4,81.66,Oeste,João Pereira
2024-01-07,Livro de Negócios,Livros,3,68.66,Norte,Fernanda Lima
2024-01-08,Jogo de Panelas,Casa,1,325.51,Oeste,Ana Silva
2024-01-08,Livro de Python,Livros,6,87.1,Norte,Paulo Rodrigues
2024-01-09,Calça Jeans,Roupas,2,144.1,Oeste,Ricardo Almeida
2024-01-09,Teclado Mecânico,Eletrônicos,9,355.03,Norte,Paulo Rodrigues
2024-01-10,Livro de Negócios,Livros,1,60.52,Norte,Ana Silva
2024-01-10,Teclado Mecânico,Eletrônicos,9,366.04,Norte,Ana Silva
2024-01-10,Romance Bestseller,Livros,8,50.79,Sul,Paulo Rodrigues
2024-01-11,Camiseta Básica,Roupas,1,52.18,Centro,Paulo Rodrigues
2024-01-11,Vinho Tinto,Alimentos,5,98.26,Oeste,Ana Silva
2024-01-11,Fone de Ouvido Bluetooth,Eletrônicos,7,201.66,Sul,Carlos Santos
2024-01-12,Azeite Extra Virgem,Alimentos,10,42.1,Leste,Maria Oliveira
2024-01-12,Azeite Extra Virgem,Alimentos,3,49.0,Centro,Ricardo Almeida
2024-01-12,Aspirador de Pó,Casa,1,416.39,Sul,Fernanda Lima
2024-01-12,Mouse Logitech,Eletrônicos,1,98.23,Norte,Ana Silva
2024-01-13,Azeite Extra Virgem,Alimentos,1,46.2,Norte,João Pereira
2024-01-13,Romance Bestseller,Livros,3,45.22,Oeste,Ana Silva
2024-01-15,Camiseta Básica,Roupas,6,51.64,Oeste,Fernanda Lima
2024-01-15,Notebook Dell,Eletrônicos,6,2683.19,Leste,Maria Oliveira
2024-01-16,Jogo de Panelas,Casa,9,310.65,Norte,João Pereira
2024-01-16,Teclado Mecânico,Eletrônicos,2,324.0,Centro,Carlos Santos
2024-01-16,Tênis Esportivo,Roupas,7,282.12,Norte,Paulo Rodrigues
2024-01-16,Camiseta Básica,Roupas,9,52.78,Sul,Carlos Santos
2024-01-16,Liquidificador,Casa,9,197.37,Centro,Ana Silva
2024-01-17,Livro de Negócios,Livros,7,64.44,Leste,Ana Silva
2024-01-17,Teclado Mecânico,Eletrônicos,2,363.48,Leste,Maria Oliveira
2024-01-18,Teclado Mecânico,Eletrônicos,5,334.52,Sul,Fernanda Lima
2024-01-18,Calça Jeans,Roupas,9,157.52,Leste,Carlos Santos
2024-01-19,Webcam HD,Eletrônicos,10,308.48,Leste,Carlos Santos
2024-01-19,Liquidificador,Casa,2,216.26,Oeste,Paulo Rodrigues
2024-01-19,Chocolate Importado,Alimentos,2,27.81,Sul,Ricardo Almeida
2024-01-19,Café Premium 500g,Alimentos,4,31.87,Sul,Maria Oliveira
2024-01-20,Liquidificador,Casa,4,184.38,Centro,Paulo Rodrigues
2024-01-20,Vinho Tinto,Alimentos,2,81.18,Oeste,João Pereira
2024-01-21,Livro de Negócios,Livros,2,60.68,Norte,Carlos Santos
2024-01-21,Aspirador de Pó,Casa,4,437.41,Sul,Patricia Costa
2024-01-22,Chocolate Importado,Alimentos,2,26.7,Norte,Fernanda Lima
2024-01-22,Romance Bestseller,Livros,10,49.82,Sul,Carlos Santos
2024-01-23,Webcam HD,Eletrônicos,1,272.67,Centro,Ricardo Almeida
2024-01-23,Vinho Tinto,Alimentos,9,93.25,Norte,João Pereira
2024-01-24,Jogo de Panelas,Casa,3,279.47,Centro,Ana Silva
2024-01-24,Mouse Logitech,Eletrônicos,10,90.21,Sul,Ricardo Almeida
2024-01-25,Aspirador de Pó,Casa,4,382.63,Norte,Ricardo Almeida
2024-01-25,Chocolate Importado,Alimentos,9,25.83,Norte,Patricia Costa
2024-01-25,Chocolate Importado,Alimentos,9,25.7,Oeste,Ana Silva
2024-01-25,Azeite Extra Virgem,Alimentos,5,40.65,Leste,Maria Oliveira
2024-01-26,Aspirador de Pó,Casa,7,412.97,Sul,Patricia Costa
2024-01-26,Livro de Negócios,Livros,6,70.92,Leste,Fernanda Lima
2024-01-26,Vinho Tinto,Alimentos,2,97.62,Oeste,Patricia Costa
2024-01-26,Livro de Python,Livros,2,81.62,Leste,Patricia Costa
2024-01-27,Chocolate Importado,Alimentos,2,27.04,Oeste,Ana Silva
2024-01-27,Livro de Negócios,Livros,7,66.85,Norte,Ana Silva
2024-01-27,Jogo de Toalhas,Casa,1,90.45,Leste,Ana Silva
2024-01-28,Livro de Python,Livros,6,84.24,Leste,Patricia Costa
2024-01-28,Jogo de Panelas,Casa,4,296.02,Centro,Ana Silva
2024-01-28,Camiseta Básica,Roupas,10,48.65,Sul,Ana Silva
2024-01-28,Azeite Extra Virgem,Alimentos,2,43.05,Norte,Maria Oliveira
2024-01-28,Webcam HD,Eletrônicos,8,310.45,Centro,Fernanda Lima
2024-01-29,Camiseta Básica,Roupas,4,48.54,Norte,Patricia Costa
2024-01-30,Fone de Ouvido Bluetooth,Eletrônicos,10,191.86,Leste,Paulo Rodrigues
2024-02-01,Teclado Mecânico,Eletrônicos,8,339.31,Sul,João Pereira
2024-02-01,Livro de Python,Livros,4,77.85,Leste,Carlos Santos
2024-02-02,Jogo de Panelas,Casa,6,324.42,Norte,Maria Oliveira
2024-02-02,Fone de Ouvido Bluetooth,Eletrônicos,9,198.26,Centro,Carlos Santos
2024-02-02,Jaqueta de Couro,Roupas,3,481.16,Leste,João Pereira
2024-02-03,Camiseta Básica,Roupas,4,50.61,Centro,Ricardo Almeida
2024-02-03,Mouse Logitech,Eletrônicos,7,98.73,Sul,Patricia Costa
2024-02-04,Jogo de Toalhas,Casa,8,86.71,Oeste,Fernanda Lima
2024-02-05,Livro de Negócios,Livros,3,58.91,Leste,Paulo Rodrigues
2024-02-06,Azeite Extra Virgem,Alimentos,10,41.07,Leste,Paulo Rodrigues
2024-02-06,Livro de Negócios,Livros,10,63.77,Norte,Patricia Costa
2024-02-06,Fone de Ouvido Bluetooth,Eletrônicos,8,181.86,Oeste,Patricia Costa
2024-02-06,Calça Jeans,Roupas,1,159.86,Norte,Fernanda Lima
2024-02-07,Tênis Esportivo,Roupas,5,324.25,Norte,Ana Silva
2024-02-08,Jaqueta de Couro,Roupas,2,459.75,Leste,João Pereira
2024-02-08,Chocolate Importado,Alimentos,8,23.42,Centro,Maria Oliveira
2024-02-09,Jaqueta de Couro,Roupas,2,462.44,Leste,Carlos Santos
2024-02-09,Aspirador de Pó,Casa,3,424.79,Sul,Ricardo Almeida
2024-02-09,Livro de Negócios,Livros,8,65.77,Oeste,Carlos Santos
2024-02-09,Jaqueta de Couro,Roupas,9,515.64,Norte,Patricia Costa
2024-02-10,Fone de Ouvido Bluetooth,Eletrônicos,1,195.67,Oeste,Ricardo Almeida
2024-02-10,Livro de Python,Livros,4,87.8,Leste,Fernanda Lima
2024-02-10,Camiseta Básica,Roupas,5,45.01,Oeste,Ricardo Almeida
2024-02-10,Mouse Logitech,Eletrônicos,10,82.51,Sul,Carlos Santos
2024-02-11,Notebook Dell,Eletrônicos,10,2786.71,Oeste,Carlos Santos
2024-02-11,Chocolate Importado,Alimentos,6,25.41,Centro,Paulo Rodrigues
2024-02-12,Camiseta Básica,Roupas,5,54.83,Centro,Patricia Costa
2024-02-12,Jogo de Toalhas,Casa,3,86.87,Oeste,Paulo Rodrigues
2024-02-13,Notebook Dell,Eletrônicos,10,2619.28,Oeste,Paulo Rodrigues
2024-02-13,Chocolate Importado,Alimentos,10,24.2,Leste,Fernanda Lima
2024-02-13,Calça Jeans,Roupas,3,149.67,Sul,Patricia Costa
2024-02-13,Chocolate Importado,Alimentos,2,24.32,Oeste,Patricia Costa
2024-02-13,Mouse Logitech,Eletrônicos,9,95.81,Leste,Fernanda Lima
2024-02-14,Camiseta Básica,Roupas,6,54.35,Oeste,Maria Oliveira
2024-02-14,Camiseta Básica,Roupas,6,50.19,Centro,Patricia Costa
2024-02-14,Romance Bestseller,Livros,6,48.15,Leste,Carlos Santos
2024-02-16,Aspirador de Pó,Casa,3,369.85,Centro,Carlos Santos
2024-02-16,Camiseta Básica,Roupas,10,52.97,Sul,Patricia Costa
2024-02-16,Webcam HD,Eletrônicos,1,307.59,Centro,Ricardo Almeida
2024-02-16,Webcam HD,Eletrônicos,2,269.39,Centro,João Pereira
2024-02-16,Livro de Python,Livros,5,81.1,Sul,Carlos Santos
2024-02-16,Jaqueta de Couro,Roupas,1,494.63,Oeste,Patricia Costa
2024-02-17,Azeite Extra Virgem,Alimentos,10,46.62,Oeste,Fernanda Lima
2024-02-17,Liquidificador,Casa,8,202.65,Leste,Patricia Costa
2024-02-18,Jogo de Panelas,Casa,10,278.41,Leste,Paulo Rodrigues
2024-02-18,Teclado Mecânico,Eletrônicos,3,371.09,Sul,Carlos Santos
2024-02-19,Webcam HD,Eletrônicos,4,286.4,Centro,Ana Silva
2024-02-20,Romance Bestseller,Livros,9,49.08,Centro,Carlos Santos
2024-02-20,Tênis Esportivo,Roupas,6,326.34,Leste,Patricia Costa
2024-02-21,Jaqueta de Couro,Roupas,7,542.98,Centro,Ana Silva
2024-02-21,Camiseta Básica,Roupas,10,46.15,Centro,Maria Oliveira
2024-02-21,Vinho Tinto,Alimentos,1,84.03,Oeste,Maria Oliveira
2024-02-21,Vinho Tinto,Alimentos,5,95.29,Leste,Carlos Santos
2024-02-22,Jogo de Panelas,Casa,7,325.67,Oeste,João Pereira
2024-02-22,Aspirador de Pó,Casa,9,383.67,Oeste,Maria Oliveira
2024-02-22,Jogo de Panelas,Casa,5,279.07,Sul,Ana Silva
2024-02-22,Livro de Python,Livros,5,75.6,Oeste,Carlos Santos
2024-02-23,Jaqueta de Couro,Roupas,4,509.28,Norte,Fernanda Lima
2024-02-23,Chocolate Importado,Alimentos,5,24.28,Leste,Paulo Rodrigues
2024-02-23,Livro de Negócios,Livros,5,68.01,Leste,Paulo Rodrigues
2024-02-23,Jaqueta de Couro,Roupas,4,492.35,Leste,Ricardo Almeida
2024-02-26,Vinho Tinto,Alimentos,10,91.17,Leste,Ana Silva
2024-02-26,Jaqueta de Couro,Roupas,4,536.49,Centro,Ana Silva
2024-02-26,Webcam HD,Eletrônicos,5,318.57,Sul,Ana Silva
2024-02-27,Calça Jeans,Roupas,10,173.53,Oeste,Patricia Costa
2024-02-27,Jogo de Panelas,Casa,9,279.18,Norte,Patricia Costa
2024-02-28,Jogo de Panelas,Casa,1,281.35,Norte,Patricia Costa
2024-02-28,Vinho Tinto,Alimentos,7,81.25,Oeste,Ricardo Almeida
2024-02-28,Notebook Dell,Eletrônicos,6,2672.12,Sul,Paulo Rodrigues
2024-02-29,Livro de Negócios,Livros,6,69.27,Sul,Ana Silva
2024-02-29,Jaqueta de Couro,Roupas,2,526.19,Sul,Ana Silva
2024-02-29,Vinho Tinto,Alimentos,10,96.54,Oeste,Patricia Costa
2024-03-01,Livro de Negócios,Livros,1,61.0,Centro,Ricardo Almeida
2024-03-01,Azeite Extra Virgem,Alimentos,2,42.47,Leste,Ana Silva
2024-03-01,Webcam HD,Eletrônicos,1,292.87,Norte,João Pereira
2024-03-02,Romance Bestseller,Livros,6,45.7,Leste,Ricardo Almeida
2024-03-02,Mouse Logitech,Eletrônicos,5,93.24,Leste,Ricardo Almeida
2024-03-03,Camiseta Básica,Roupas,8,52.65,Oeste,Patricia Costa
2024-03-03,Liquidificador,Casa,10,218.64,Norte,Ricardo Almeida
2024-03-04,Jogo de Toalhas,Casa,1,81.76,Oeste,Maria Oliveira
2024-03-04,Vinho Tinto,Alimentos,7,94.1,Centro,Fernanda Lima
2024-03-04,Liquidificador,Casa,5,201.78,Norte,Paulo Rodrigues
2024-03-05,Azeite Extra Virgem,Alimentos,10,48.77,Leste,Paulo Rodrigues
2024-03-05,Aspirador de Pó,Casa,9,380.7,Sul,Fernanda Lima
2024-03-05,Liquidificador,Casa,5,183.05,Centro,Paulo Rodrigues
2024-03-05,Jogo de Panelas,Casa,7,279.9,Sul,Fernanda Lima
2024-03-05,Tênis Esportivo,Roupas,6,327.95,Norte,João Pereira
2024-03-05,Vinho Tinto,Alimentos,1,91.23,Leste,Fernanda Lima
2024-03-06,Café Premium 500g,Alimentos,7,30.7,Oeste,Patricia Costa
2024-03-06,Livro de Negócios,Livros,1,65.66,Norte,Ana Silva
2024-03-06,Tênis Esportivo,Roupas,10,298.66,Oeste,Ricardo Almeida
2024-03-07,Café Premium 500g,Alimentos,5,35.96,Leste,Ana Silva
2024-03-08,Tênis Esportivo,Roupas,10,301.9,Leste,Paulo Rodrigues
2024-03-08,Azeite Extra Virgem,Alimentos,8,44.03,Oeste,Ana Silva
2024-03-09,Livro de Python,Livros,3,79.65,Norte,Fernanda Lima
2024-03-09,Azeite Extra Virgem,Alimentos,6,44.54,Centro,Carlos Santos
2024-03-09,Mouse Logitech,Eletrônicos,3,89.63,Leste,João Pereira
2024-03-09,Vinho Tinto,Alimentos,4,90.9,Leste,Patricia Costa
2024-03-09,Calça Jeans,Roupas,7,172.25,Leste,Patricia Costa
2024-03-10,Notebook Dell,Eletrônicos,8,2956.4,Oeste,Paulo Rodrigues
2024-03-10,Livro de Negócios,Livros,5,62.87,Oeste,Ricardo Almeida
2024-03-10,Azeite Extra Virgem,Alimentos,6,46.42,Centro,Fernanda Lima
2024-03-11,Chocolate Importado,Alimentos,4,24.14,Oeste,Patricia Costa
2024-03-11,Jaqueta de Couro,Roupas,8,519.9,Centro,João Pereira
2024-03-13,Livro de Negócios,Livros,1,68.5,Sul,Ricardo Almeida
2024-03-14,Fone de Ouvido Bluetooth,Eletrônicos,5,206.48,Centro,Paulo Rodrigues
2024-03-14,Webcam HD,Eletrônicos,4,302.03,Centro,Maria Oliveira
2024-03-15,Jaqueta de Couro,Roupas,9,498.08,Norte,Ana Silva
2024-03-15,Jaqueta de Couro,Roupas,9,452.57,Leste,João Pereira
2024-03-16,Calça Jeans,Roupas,5,148.64,Norte,Patricia Costa
2024-03-16,Azeite Extra Virgem,Alimentos,5,43.45,Norte,Maria Oliveira
2024-03-16,Mouse Logitech,Eletrônicos,4,98.2,Oeste,Fernanda Lima
2024-03-17,Aspirador de Pó,Casa,7,434.68,Leste,Patricia Costa
2024-03-18,Teclado Mecânico,Eletrônicos,2,362.61,Oeste,Ricardo Almeida
2024-03-18,Webcam HD,Eletrônicos,3,296.35,Centro,Paulo Rodrigues
2024-03-18,Livro de Python,Livros,1,81.95,Centro,Ricardo Almeida
2024-03-19,Camiseta Básica,Roupas,1,49.77,Leste,Ricardo Almeida
2024-03-21,Notebook Dell,Eletrônicos,9,2593.8,Leste,Maria Oliveira
2024-03-21,Café Premium 500g,Alimentos,6,35.99,Leste,Carlos Santos
2024-03-21,Tênis Esportivo,Roupas,4,272.46,Sul,Paulo Rodrigues
2024-03-21,Mouse Logitech,Eletrônicos,1,82.04,Sul,Paulo Rodrigues
2024-03-21,Café Premium 500g,Alimentos,9,31.08,Leste,Ricardo Almeida
2024-03-21,Jaqueta de Couro,Roupas,8,541.15,Norte,João Pereira
2024-03-21,Azeite Extra Virgem,Alimentos,7,40.92,Norte,Patricia Costa
2024-03-22,Jogo de Panelas,Casa,6,295.73,Leste,Fernanda Lima
2024-03-22,Café Premium 500g,Alimentos,1,33.34,Leste,Fernanda Lima
2024-03-23,Fone de Ouvido Bluetooth,Eletrônicos,10,190.51,Oeste,Ricardo Almeida
2024-03-24,Webcam HD,Eletrônicos,10,318.0,Leste,Carlos Santos
2024-03-24,Jaqueta de Couro,Roupas,5,517.96,Centro,Ana Silva
2024-03-25,Calça Jeans,Roupas,8,166.31,Sul,Patricia Costa
2024-03-25,Notebook Dell,Eletrônicos,3,2831.76,Oeste,Paulo Rodrigues
2024-03-25,Café Premium 500g,Alimentos,5,32.84,Norte,Carlos Santos
2024-03-26,Azeite Extra Virgem,Alimentos,5,40.68,Norte,Carlos Santos
2024-03-26,Mouse Logitech,Eletrônicos,9,88.22,Oeste,Ricardo Almeida
2024-03-26,Liquidificador,Casa,2,205.32,Leste,Maria Oliveira
2024-03-27,Vinho Tinto,Alimentos,7,87.42,Oeste,João Pereira
2024-03-28,Mouse Logitech,Eletrônicos,7,81.27,Centro,Maria Oliveira
2024-03-28,Romance Bestseller,Livros,10,53.89,Sul,Ana Silva
2024-03-28,Livro de Negócios,Livros,5,68.79,Oeste,Carlos Santos
2024-03-28,Livro de Negócios,Livros,7,65.57,Norte,Carlos Santos
2024-03-29,Livro de Negócios,Livros,9,62.59,Oeste,Ana Silva
2024-03-29,Vinho Tinto,Alimentos,5,84.9,Norte,Paulo Rodrigues
2024-03-29,Café Premium 500g,Alimentos,1,35.15,Norte,Patricia Costa
2024-03-29,Jogo de Toalhas,Casa,7,86.16,Sul,Carlos Santos
2024-03-29,Teclado Mecânico,Eletrônicos,10,329.93,Norte,Fernanda Lima
2024-03-29,Livro de Negócios,Livros,5,60.17,Sul,Fernanda Lima
2024-03-29,Jogo de Toalhas,Casa,1,86.11,Sul,Carlos Santos
2024-03-30,Aspirador de Pó,Casa,6,367.03,Norte,Paulo Rodrigues
2024-03-31,Jaqueta de Couro,Roupas,3,509.35,Centro,João Pereira
2024-03-31,Vinho Tinto,Alimentos,7,89.39,Leste,Ana Silva
2024-03-31,Mouse Logitech,Eletrônicos,4,81.67,Oeste,Paulo Rodrigues
2024-04-01,Azeite Extra Virgem,Alimentos,1,40.8,Leste,Patricia Costa
2024-04-01,Romance Bestseller,Livros,2,47.44,Norte,Paulo Rodrigues
2024-04-02,Camiseta Básica,Roupas,2,45.89,Sul,Ricardo Almeida
2024-04-02,Fone de Ouvido Bluetooth,Eletrônicos,1,216.56,Oeste,João Pereira
2024-04-02,Fone de Ouvido Bluetooth,Eletrônicos,9,195.9,Leste,Ricardo Almeida
2024-04-03,Jogo de Toalhas,Casa,8,97.26,Centro,Carlos Santos
2024-04-03,Azeite Extra Virgem,Alimentos,7,41.97,Norte,Carlos Santos
2024-04-03,Liquidificador,Casa,6,182.41,Oeste,Fernanda Lima
2024-04-03,Teclado Mecânico,Eletrônicos,10,363.28,Oeste,Fernanda Lima
2024-04-04,Tênis Esportivo,Roupas,5,322.73,Oeste,Paulo Rodrigues
2024-04-04,Aspirador de Pó,Casa,7,373.66,Sul,Ricardo Almeida
2024-04-04,Calça Jeans,Roupas,7,154.17,Norte,Maria Oliveira
2024-04-04,Romance Bestseller,Livros,8,47.19,Norte,Fernanda Lima
2024-04-05,Teclado Mecânico,Eletrônicos,3,376.42,Sul,Paulo Rodrigues
2024-04-05,Jogo de Toalhas,Casa,6,82.84,Norte,Paulo Rodrigues
2024-04-05,Camiseta Básica,Roupas,10,52.78,Oeste,João Pereira
2024-04-06,Livro de Negócios,Livros,9,71.22,Leste,Ricardo Almeida
2024-04-06,Chocolate Importado,Alimentos,7,24.8,Norte,João Pereira
2024-04-07,Livro de Python,Livros,2,75.55,Norte,Carlos Santos
2024-04-07,Vinho Tinto,Alimentos,1,93.05,Oeste,Carlos Santos
2024-04-08,Café Premium 500g,Alimentos,8,29.63,Leste,Fernanda Lima
2024-04-08,Liquidificador,Casa,7,182.61,Leste,Carlos Santos
2024-04-08,Tênis Esportivo,Roupas,10,309.25,Centro,Ricardo Almeida
2024-04-10,Fone de Ouvido Bluetooth,Eletrônicos,3,208.36,Centro,Ricardo Almeida
2024-04-11,Vinho Tinto,Alimentos,5,87.98,Norte,Patricia Costa
2024-04-12,Jaqueta de Couro,Roupas,3,453.54,Centro,Patricia Costa
2024-04-12,Tênis Esportivo,Roupas,6,309.81,Oeste,Patricia Costa
2024-04-12,Jogo de Toalhas,Casa,7,97.02,Leste,João Pereira
2024-04-12,Chocolate Importado,Alimentos,5,24.01,Norte,Fernanda Lima
2024-04-13,Webcam HD,Eletrônicos,8,292.32,Sul,João Pereira
2024-04-14,Café Premium 500g,Alimentos,3,33.05,Centro,Fernanda Lima
2024-04-14,Livro de Negócios,Livros,6,62.93,Oeste,Ana Silva
2024-04-14,Jaqueta de Couro,Roupas,2,527.68,Oeste,Maria Oliveira
2024-04-15,Mouse Logitech,Eletrônicos,1,92.27,Oeste,Ana Silva
2024-04-15,Vinho Tinto,Alimentos,5,96.32,Sul,João Pereira
2024-04-15,Camiseta Básica,Roupas,9,44.95,Centro,Carlos Santos
2024-04-15,Liquidificador,Casa,5,180.79,Norte,Fernanda Lima
2024-04-16,Mouse Logitech,Eletrônicos,4,89.93,Norte,Fernanda Lima
2024-04-16,Livro de Python,Livros,2,80.82,Oeste,Patricia Costa
2024-04-16,Teclado Mecânico,Eletrônicos,6,374.93,Leste,João Pereira
2024-04-16,Chocolate Importado,Alimentos,3,27.16,Centro,Carlos Santos
2024-04-16,Notebook Dell,Eletrônicos,6,2617.29,Norte,Maria Oliveira
2024-04-17,Tênis Esportivo,Roupas,3,310.99,Leste,Ana Silva
2024-04-17,Webcam HD,Eletrônicos,5,270.28,Oeste,Fernanda Lima
2024-04-18,Azeite Extra Virgem,Alimentos,6,48.4,Norte,Fernanda Lima
2024-04-18,Notebook Dell,Eletrônicos,1,2978.83,Sul,Carlos Santos
2024-04-18,Webcam HD,Eletrônicos,10,313.23,Centro,Fernanda Lima
2024-04-19,Webcam HD,Eletrônicos,6,286.33,Sul,Carlos Santos
2024-04-20,Vinho Tinto,Alimentos,9,86.61,Sul,Fernanda Lima
2024-04-21,Tênis Esportivo,Roupas,5,277.02,Leste,Patricia Costa
2024-04-21,Café Premium 500g,Alimentos,5,30.59,Norte,Paulo Rodrigues
2024-04-22,Jogo de Panelas,Casa,4,301.71,Sul,Paulo Rodrigues
2024-04-22,Vinho Tinto,Alimentos,2,87.72,Leste,Ricardo Almeida
2024-04-23,Vinho Tinto,Alimentos,7,81.03,Norte,Ana Silva
2024-04-23,Calça Jeans,Roupas,6,172.35,Norte,João Pereira
2024-04-23,Teclado Mecânico,Eletrônicos,2,342.46,Sul,João Pereira
2024-04-23,Livro de Python,Livros,10,72.82,Leste,Fernanda Lima
2024-04-23,Chocolate Importado,Alimentos,2,27.32,Oeste,Maria Oliveira
2024-04-23,Liquidificador,Casa,5,200.87,Sul,Carlos Santos
2024-04-24,Jogo de Panelas,Casa,9,325.46,Norte,Ana Silva
2024-04-24,Chocolate Importado,Alimentos,8,24.52,Sul,Paulo Rodrigues
2024-04-24,Aspirador de Pó,Casa,5,365.58,Leste,Paulo Rodrigues
2024-04-24,Romance Bestseller,Livros,8,53.27,Norte,Maria Oliveira
2024-04-25,Tênis Esportivo,Roupas,3,312.5,Oeste,João Pereira
2024-04-27,Livro de Python,Livros,10,72.62,Centro,Fernanda Lima
2024-04-27,Notebook Dell,Eletrônicos,9,2706.5,Sul,Ana Silva
2024-04-27,Fone de Ouvido Bluetooth,Eletrônicos,8,201.66,Norte,João Pereira
2024-04-27,Aspirador de Pó,Casa,1,413.75,Oeste,Patricia Costa
2024-04-27,Livro de Negócios,Livros,2,67.65,Norte,Maria Oliveira
2024-04-28,Notebook Dell,Eletrônicos,4,2961.83,Leste,Ana Silva
2024-04-28,Jogo de Panelas,Casa,1,305.2,Centro,Carlos Santos
2024-04-28,Chocolate Importado,Alimentos,5,24.89,Centro,Carlos Santos
2024-04-29,Jogo de Panelas,Casa,1,314.99,Norte,Patricia Costa
2024-04-29,Jaqueta de Couro,Roupas,2,491.66,Centro,Carlos Santos
2024-04-29,Mouse Logitech,Eletrônicos,10,93.35,Centro,Carlos Santos
2024-04-30,Liquidificador,Casa,6,197.68,Leste,Fernanda Lima
2024-04-30,Chocolate Importado,Alimentos,7,24.06,Centro,João Pereira
2024-04-30,Jogo de Toalhas,Casa,7,82.67,Norte,João Pereira
2024-05-01,Jaqueta de Couro,Roupas,6,475.69,Norte,João Pereira
2024-05-01,Azeite Extra Virgem,Alimentos,10,44.39,Norte,Paulo Rodrigues
2024-05-01,Camiseta Básica,Roupas,6,53.49,Leste,Paulo Rodrigues
2024-05-02,Azeite Extra Virgem,Alimentos,6,41.66,Centro,Paulo Rodrigues
2024-05-02,Jaqueta de Couro,Roupas,5,484.59,Sul,Fernanda Lima
2024-05-02,Livro de Python,Livros,7,75.86,Sul,Patricia Costa
2024-05-02,Livro de Negócios,Livros,9,66.52,Leste,Paulo Rodrigues
2024-05-02,Azeite Extra Virgem,Alimentos,3,48.86,Centro,Maria Oliveira
2024-05-02,Romance Bestseller,Livros,5,46.83,Sul,Maria Oliveira
2024-05-03,Jaqueta de Couro,Roupas,6,548.75,Oeste,Fernanda Lima
2024-05-04,Liquidificador,Casa,7,201.98,Sul,Paulo Rodrigues
2024-05-04,Calça Jeans,Roupas,2,144.07,Sul,Paulo Rodrigues
2024-05-04,Café Premium 500g,Alimentos,8,34.31,Centro,Fernanda Lima
2024-05-04,Aspirador de Pó,Casa,3,418.64,Sul,Carlos Santos
2024-05-05,Jogo de Panelas,Casa,3,311.11,Norte,Patricia Costa
2024-05-05,Webcam HD,Eletrônicos,6,298.13,Leste,Ricardo Almeida
2024-05-05,Webcam HD,Eletrônicos,10,288.23,Centro,Ana Silva
2024-05-06,Teclado Mecânico,Eletrônicos,3,381.12,Oeste,Carlos Santos
2024-05-06,Fone de Ouvido Bluetooth,Eletrônicos,8,196.49,Centro,Paulo Rodrigues
2024-05-06,Livro de Python,Livros,1,82.66,Centro,Maria Oliveira
2024-05-07,Fone de Ouvido Bluetooth,Eletrônicos,4,201.77,Sul,Ana Silva
2024-05-07,Café Premium 500g,Alimentos,9,34.47,Norte,João Pereira
2024-05-07,Livro de Negócios,Livros,8,64.18,Leste,Ricardo Almeida
2024-05-08,Jaqueta de Couro,Roupas,10,450.24,Oeste,Ana Silva
2024-05-09,Romance Bestseller,Livros,4,47.59,Leste,Paulo Rodrigues
2024-05-09,Jogo de Panelas,Casa,5,327.99,Norte,João Pereira
2024-05-09,Jogo de Panelas,Casa,8,294.07,Norte,Fernanda Lima
2024-05-10,Romance Bestseller,Livros,10,46.97,Leste,Paulo Rodrigues
2024-05-10,Café Premium 500g,Alimentos,5,29.72,Centro,João Pereira
2024-05-10,Liquidificador,Casa,9,185.08,Centro,Paulo Rodrigues
2024-05-11,Café Premium 500g,Alimentos,7,36.13,Oeste,Carlos Santos
2024-05-11,Camiseta Básica,Roupas,5,51.11,Norte,João Pereira
2024-05-11,Livro de Negócios,Livros,10,59.99,Oeste,Ricardo Almeida
2024-05-12,Café Premium 500g,Alimentos,1,34.18,Centro,Maria Oliveira
2024-05-13,Fone de Ouvido Bluetooth,Eletrônicos,2,180.32,Sul,Carlos Santos
2024-05-13,Webcam HD,Eletrônicos,2,301.14,Oeste,Carlos Santos
2024-05-13,Aspirador de Pó,Casa,10,430.78,Leste,João Pereira
2024-05-14,Webcam HD,Eletrônicos,7,319.67,Leste,Patricia Costa
2024-05-14,Vinho Tinto,Alimentos,2,90.68,Leste,Ana Silva
2024-05-14,Azeite Extra Virgem,Alimentos,1,42.94,Leste,Maria Oliveira
2024-05-15,Café Premium 500g,Alimentos,8,30.7,Sul,Maria Oliveira
2024-05-15,Teclado Mecânico,Eletrônicos,10,341.45,Centro,Fernanda Lima
2024-05-15,Liquidificador,Casa,3,210.14,Centro,Ana Silva
2024-05-16,Café Premium 500g,Alimentos,8,35.09,Sul,João Pereira
2024-05-16,Livro de Negócios,Livros,1,63.49,Norte,Ana Silva
2024-05-17,Livro de Negócios,Livros,3,61.96,Norte,Ana Silva
2024-05-17,Vinho Tinto,Alimentos,7,88.4,Norte,João Pereira
2024-05-17,Teclado Mecânico,Eletrônicos,2,319.1,Sul,Ricardo Almeida
2024-05-18,Fone de Ouvido Bluetooth,Eletrônicos,4,219.85,Sul,Ricardo Almeida
2024-05-18,Webcam HD,Eletrônicos,1,319.72,Sul,Paulo Rodrigues
2024-05-18,Mouse Logitech,Eletrônicos,6,91.24,Centro,Ana Silva
2024-05-19,Liquidificador,Casa,9,183.77,Centro,Fernanda Lima
2024-05-19,Café Premium 500g,Alimentos,4,34.51,Centro,Ana Silva
2024-05-19,Mouse Logitech,Eletrônicos,9,89.44,Norte,Paulo Rodrigues
2024-05-20,Jogo de Toalhas,Casa,9,88.22,Sul,Patricia Costa
2024-05-20,Aspirador de Pó,Casa,4,392.58,Sul,Carlos Santos
2024-05-21,Jogo de Panelas,Casa,1,280.43,Sul,Patricia Costa
2024-05-21,Fone de Ouvido Bluetooth,Eletrônicos,4,200.29,Centro,João Pereira
2024-05-22,Liquidificador,Casa,8,218.49,Leste,Ana Silva
2024-05-22,Tênis Esportivo,Roupas,9,278.45,Oeste,Ricardo Almeida
2024-05-23,Mouse Logitech,Eletrônicos,9,86.1,Centro,Patricia Costa
2024-05-23,Notebook Dell,Eletrônicos,4,2686.85,Sul,Carlos Santos
2024-05-23,Livro de Python,Livros,9,84.38,Oeste,Ricardo Almeida
2024-05-23,Jaqueta de Couro,Roupas,4,491.13,Norte,Maria Oliveira
2024-05-23,Webcam HD,Eletrônicos,7,324.78,Leste,Ana Silva
2024-05-23,Jaqueta de Couro,Roupas,2,490.68,Sul,Carlos Santos
2024-05-23,Jogo de Panelas,Casa,2,272.55,Centro,Ricardo Almeida
2024-05-24,Liquidificador,Casa,1,211.15,Centro,Fernanda Lima
2024-05-24,Romance Bestseller,Livros,6,49.55,Leste,Ana Silva
2024-05-25,Fone de Ouvido Bluetooth,Eletrônicos,3,198.31,Sul,Fernanda Lima
2024-05-25,Café Premium 500g,Alimentos,6,31.42,Sul,Fernanda Lima
2024-05-25,Webcam HD,Eletrônicos,9,269.22,Sul,Maria Oliveira
2024-05-25,Fone de Ouvido Bluetooth,Eletrônicos,3,187.66,Norte,Maria Oliveira
2024-05-26,Camiseta Básica,Roupas,4,50.96,Oeste,Carlos Santos
2024-05-26,Teclado Mecânico,Eletrônicos,7,316.59,Centro,Fernanda Lima
2024-05-27,Teclado Mecânico,Eletrônicos,3,332.12,Sul,Ricardo Almeida
2024-05-29,Livro de Negócios,Livros,9,67.63,Leste,João Pereira
2024-05-29,Webcam HD,Eletrônicos,3,276.87,Norte,Fernanda Lima
2024-05-29,Notebook Dell,Eletrônicos,10,2897.49,Oeste,Carlos Santos
2024-05-29,Livro de Python,Livros,1,80.58,Sul,Patricia Costa
2024-05-30,Vinho Tinto,Alimentos,2,86.65,Centro,Carlos Santos
2024-05-30,Romance Bestseller,Livros,10,49.22,Centro,Ricardo Almeida
2024-05-31,Teclado Mecânico,Eletrônicos,5,372.53,Norte,Ricardo Almeida
2024-05-31,Camiseta Básica,Roupas,4,48.93,Leste,Maria Oliveira
2024-05-31,Café Premium 500g,Alimentos,9,29.73,Centro,Patricia Costa
2024-06-01,Livro de Negócios,Livros,10,70.58,Oeste,Paulo Rodrigues
2024-06-01,Webcam HD,Eletrônicos,8,306.8,Sul,João Pereira
2024-06-02,Vinho Tinto,Alimentos,6,85.64,Oeste,Ricardo Almeida
2024-06-02,Teclado Mecânico,Eletrônicos,5,384.65,Sul,Patricia Costa
2024-06-02,Mouse Logitech,Eletrônicos,7,86.83,Norte,João Pereira
2024-06-02,Notebook Dell,Eletrônicos,9,2891.59,Oeste,Fernanda Lima
2024-06-02,Café Premium 500g,Alimentos,3,31.21,Oeste,Patricia Costa
2024-06-05,Vinho Tinto,Alimentos,6,96.38,Oeste,Patricia Costa
2024-06-05,Aspirador de Pó,Casa,9,419.29,Sul,Maria Oliveira
2024-06-07,Teclado Mecânico,Eletrônicos,5,359.13,Leste,Maria Oliveira
2024-06-07,Jogo de Panelas,Casa,2,274.53,Oeste,Patricia Costa
2024-06-07,Azeite Extra Virgem,Alimentos,9,44.88,Norte,Ana Silva
2024-06-07,Webcam HD,Eletrônicos,7,291.16,Sul,Maria Oliveira
2024-06-08,Jogo de Toalhas,Casa,5,84.13,Centro,Fernanda Lima
2024-06-09,Webcam HD,Eletrônicos,7,277.76,Norte,Ricardo Almeida
2024-06-09,Teclado Mecânico,Eletrônicos,1,330.24,Oeste,Maria Oliveira
2024-06-09,Livro de Python,Livros,10,72.38,Oeste,Ricardo Almeida
2024-06-10,Chocolate Importado,Alimentos,5,23.66,Norte,Carlos Santos
2024-06-10,Azeite Extra Virgem,Alimentos,10,46.1,Sul,Carlos Santos
2024-06-10,Jogo de Panelas,Casa,3,298.08,Centro,Paulo Rodrigues
2024-06-10,Liquidificador,Casa,3,191.93,Oeste,Fernanda Lima
2024-06-11,Livro de Negócios,Livros,9,64.81,Centro,Maria Oliveira
2024-06-11,Livro de Python,Livros,6,86.11,Oeste,Carlos Santos
2024-06-12,Aspirador de Pó,Casa,9,423.69,Leste,Carlos Santos
2024-06-13,Aspirador de Pó,Casa,10,389.9,Centro,Fernanda Lima
2024-06-13,Mouse Logitech,Eletrônicos,10,93.35,Leste,Fernanda Lima
2024-06-13,Chocolate Importado,Alimentos,10,28.27,Sul,João Pereira
2024-06-14,Fone de Ouvido Bluetooth,Eletrônicos,2,202.25,Centro,Ricardo Almeida
2024-06-14,Camiseta Básica,Roupas,7,50.12,Leste,Fernanda Lima
2024-06-14,Mouse Logitech,Eletrônicos,5,89.47,Leste,Fernanda Lima
2024-06-15,Azeite Extra Virgem,Alimentos,10,47.1,Centro,Ricardo Almeida
2024-06-17,Jogo de Toalhas,Casa,3,81.46,Oeste,Carlos Santos
2024-06-18,Jogo de Panelas,Casa,7,328.32,Norte,Paulo Rodrigues
2024-06-18,Liquidificador,Casa,5,186.51,Oeste,Ana Silva
2024-06-18,Webcam HD,Eletrônicos,5,299.35,Sul,Carlos Santos
2024-06-18,Webcam HD,Eletrônicos,3,295.48,Norte,Maria Oliveira
2024-06-18,Café Premium 500g,Alimentos,10,29.74,Oeste,Paulo Rodrigues
2024-06-18,Teclado Mecânico,Eletrônicos,6,318.86,Norte,Ana Silva
2024-06-19,Livro de Negócios,Livros,2,63.59,Norte,Ana Silva
2024-06-19,Aspirador de Pó,Casa,6,406.93,Leste,Fernanda Lima
2024-06-19,Tênis Esportivo,Roupas,4,324.15,Oeste,Paulo Rodrigues
2024-06-19,Livro de Negócios,Livros,5,70.48,Sul,Ricardo Almeida
2024-06-20,Webcam HD,Eletrônicos,6,313.4,Oeste,Patricia Costa
2024-06-21,Notebook Dell,Eletrônicos,6,2860.31,Oeste,Patricia Costa
2024-06-22,Calça Jeans,Roupas,10,164.81,Leste,Fernanda Lima
2024-06-22,Camiseta Básica,Roupas,2,50.26,Norte,Patricia Costa
2024-06-22,Chocolate Importado,Alimentos,8,26.09,Leste,Paulo Rodrigues
2024-06-23,Tênis Esportivo,Roupas,10,296.72,Oeste,Ana Silva
2024-06-23,Aspirador de Pó,Casa,6,431.41,Sul,Patricia Costa
2024-06-24,Calça Jeans,Roupas,6,157.61,Sul,Patricia Costa
2024-06-24,Aspirador de Pó,Casa,8,378.81,Norte,Ana Silva
2024-06-24,Romance Bestseller,Livros,9,54.53,Norte,Patricia Costa
2024-06-24,Tênis Esportivo,Roupas,3,294.52,Oeste,João Pereira
2024-06-24,Jogo de Toalhas,Casa,3,97.17,Norte,Patricia Costa
2024-06-25,Jaqueta de Couro,Roupas,8,510.61,Sul,Paulo Rodrigues
2024-06-25,Camiseta Básica,Roupas,3,47.21,Centro,João Pereira
2024-06-25,Jaqueta de Couro,Roupas,5,485.01,Centro,Paulo Rodrigues
2024-06-26,Webcam HD,Eletrônicos,9,291.04,Norte,Ana Silva
2024-06-26,Chocolate Importado,Alimentos,3,28.1,Norte,Maria Oliveira
2024-06-26,Romance Bestseller,Livros,2,54.64,Sul,Carlos Santos
2024-06-27,Jogo de Toalhas,Casa,4,81.63,Leste,Fernanda Lima
2024-06-27,Jaqueta de Couro,Roupas,4,547.98,Leste,João Pereira
2024-06-27,Livro de Negócios,Livros,1,69.81,Sul,João Pereira
2024-06-27,Fone de Ouvido Bluetooth,Eletrônicos,6,210.33,Oeste,João Pereira
2024-06-27,Livro de Negócios,Livros,8,65.63,Centro,Paulo Rodrigues
2024-06-27,Camiseta Básica,Roupas,4,50.85,Oeste,João Pereira
2024-06-28,Teclado Mecânico,Eletrônicos,4,370.12,Norte,João Pereira
2024-06-28,Mouse Logitech,Eletrônicos,4,94.81,Norte,Ricardo Almeida
2024-06-29,Liquidificador,Casa,3,198.26,Oeste,Patricia Costa
2024-06-29,Calça Jeans,Roupas,5,149.16,Centro,João Pereira
2024-06-29,Notebook Dell,Eletrônicos,2,2810.68,Centro,Paulo Rodrigues
2024-06-30,Aspirador de Pó,Casa,1,407.04,Centro,João Pereira
2024-06-30,Jaqueta de Couro,Roupas,7,520.55,Centro,Ana Silva
2024-06-30,Aspirador de Pó,Casa,8,369.96,Sul,Ricardo Almeida
2024-06-30,Fone de Ouvido Bluetooth,Eletrônicos,3,192.24,Leste,Patricia Costa
2024-06-30,Azeite Extra Virgem,Alimentos,5,48.17,Sul,Ana Silva
2024-06-30,Webcam HD,Eletrônicos,9,280.72,Norte,Paulo Rodrigues
2024-07-01,Romance Bestseller,Livros,6,45.82,Oeste,Maria Oliveira
2024-07-01,Aspirador de Pó,Casa,3,388.66,Norte,Fernanda Lima
2024-07-02,Vinho Tinto,Alimentos,6,97.07,Leste,Fernanda Lima
2024-07-02,Azeite Extra Virgem,Alimentos,5,43.22,Sul,Ricardo Almeida
2024-07-02,Jogo de Panelas,Casa,10,288.04,Leste,Fernanda Lima
2024-07-02,Webcam HD,Eletrônicos,2,286.31,Oeste,Maria Oliveira
2024-07-02,Mouse Logitech,Eletrônicos,9,83.1,Centro,Paulo Rodrigues
2024-07-03,Livro de Negócios,Livros,8,68.31,Oeste,Fernanda Lima
2024-07-03,Jaqueta de Couro,Roupas,8,516.37,Sul,Carlos Santos
2024-07-04,Romance Bestseller,Livros,4,51.82,Leste,Ana Silva
2024-07-04,Jaqueta de Couro,Roupas,8,452.53,Sul,Maria Oliveira
2024-07-05,Jogo de Panelas,Casa,7,327.34,Oeste,Patricia Costa
2024-07-05,Azeite Extra Virgem,Alimentos,1,47.92,Sul,Fernanda Lima
2024-07-05,Azeite Extra Virgem,Alimentos,6,41.26,Centro,Carlos Santos
2024-07-05,Jogo de Toalhas,Casa,7,83.09,Centro,Maria Oliveira
2024-07-05,Mouse Logitech,Eletrônicos,4,82.53,Norte,João Pereira
2024-07-06,Webcam HD,Eletrônicos,1,288.57,Centro,Maria Oliveira
2024-07-06,Notebook Dell,Eletrônicos,2,2990.04,Norte,Patricia Costa
2024-07-06,Fone de Ouvido Bluetooth,Eletrônicos,4,197.08,Norte,Patricia Costa
2024-07-06,Romance Bestseller,Livros,4,52.85,Norte,João Pereira
2024-07-06,Livro de Python,Livros,4,77.92,Oeste,João Pereira
2024-07-06,Fone de Ouvido Bluetooth,Eletrônicos,3,189.72,Centro,Ana Silva
2024-07-07,Livro de Negócios,Livros,4,69.99,Oeste,Ana Silva
2024-07-08,Livro de Negócios,Livros,4,60.56,Centro,Maria Oliveira
2024-07-08,Notebook Dell,Eletrônicos,5,2731.04,Leste,Maria Oliveira
2024-07-09,Teclado Mecânico,Eletrônicos,7,343.69,Norte,Paulo Rodrigues
2024-07-09,Notebook Dell,Eletrônicos,3,2974.4,Centro,Fernanda Lima
2024-07-09,Jaqueta de Couro,Roupas,5,472.55,Leste,Ricardo Almeida
2024-07-10,Mouse Logitech,Eletrônicos,8,85.16,Norte,Paulo Rodrigues
2024-07-10,Liquidificador,Casa,2,183.92,Sul,Ana Silva
2024-07-11,Azeite Extra Virgem,Alimentos,2,48.89,Centro,João Pereira
2024-07-11,Webcam HD,Eletrônicos,3,283.48,Centro,Maria Oliveira
2024-07-12,Fone de Ouvido Bluetooth,Eletrônicos,1,217.96,Norte,Fernanda Lima
2024-07-12,Chocolate Importado,Alimentos,8,28.09,Oeste,João Pereira
2024-07-12,Fone de Ouvido Bluetooth,Eletrônicos,8,185.19,Leste,Ana Silva
2024-07-14,Café Premium 500g,Alimentos,6,29.97,Norte,João Pereira
2024-07-14,Café Premium 500g,Alimentos,6,35.2,Leste,Fernanda Lima
2024-07-14,Webcam HD,Eletrônicos,8,298.62,Oeste,Ana Silva
2024-07-15,Café Premium 500g,Alimentos,7,32.58,Leste,Ana Silva
2024-07-15,Notebook Dell,Eletrônicos,8,2631.05,Oeste,Carlos Santos
2024-07-15,Azeite Extra Virgem,Alimentos,2,46.41,Norte,João Pereira
2024-07-15,Livro de Negócios,Livros,8,64.6,Leste,Ana Silva
2024-07-15,Liquidificador,Casa,8,213.22,Norte,Patricia Costa
2024-07-15,Camiseta Básica,Roupas,9,53.07,Sul,Paulo Rodrigues
2024-07-16,Tênis Esportivo,Roupas,6,301.06,Oeste,Carlos Santos
2024-07-16,Camiseta Básica,Roupas,9,45.89,Norte,Maria Oliveira
2024-07-16,Chocolate Importado,Alimentos,9,27.47,Norte,Fernanda Lima
2024-07-16,Vinho Tinto,Alimentos,3,85.02,Oeste,Carlos Santos
2024-07-16,Fone de Ouvido Bluetooth,Eletrônicos,3,219.62,Norte,Carlos Santos
2024-07-17,Romance Bestseller,Livros,4,47.61,Leste,Carlos Santos
2024-07-17,Livro de Python,Livros,1,72.37,Sul,Patricia Costa
2024-07-17,Notebook Dell,Eletrônicos,9,2783.86,Oeste,Ricardo Almeida
2024-07-18,Notebook Dell,Eletrônicos,9,3038.64,Sul,Carlos Santos
2024-07-18,Jaqueta de Couro,Roupas,5,462.53,Leste,João Pereira
2024-07-18,Livro de Python,Livros,5,86.58,Centro,Ricardo Almeida
2024-07-18,Tênis Esportivo,Roupas,3,288.11,Leste,Ricardo Almeida
2024-07-18,Livro de Python,Livros,10,80.37,Sul,Ricardo Almeida
2024-07-19,Tênis Esportivo,Roupas,4,323.59,Oeste,Ricardo Almeida
2024-07-19,Tênis Esportivo,Roupas,1,323.47,Centro,João Pereira
2024-07-19,Jogo de Toalhas,Casa,1,97.1,Centro,Carlos Santos
2024-07-19,Jaqueta de Couro,Roupas,7,492.58,Oeste,Fernanda Lima
2024-07-20,Liquidificador,Casa,3,199.53,Norte,Ricardo Almeida
2024-07-20,Jaqueta de Couro,Roupas,3,535.5,Sul,Maria Oliveira
2024-07-21,Livro de Python,Livros,2,73.18,Sul,João Pereira
2024-07-21,Calça Jeans,Roupas,1,162.07,Centro,Fernanda Lima
2024-07-21,Teclado Mecânico,Eletrônicos,7,325.58,Leste,Ana Silva
2024-07-21,Café Premium 500g,Alimentos,8,32.37,Sul,Carlos Santos
2024-07-22,Fone de Ouvido Bluetooth,Eletrônicos,2,199.01,Norte,Ricardo Almeida
2024-07-22,Romance Bestseller,Livros,5,52.06,Oeste,Patricia Costa
2024-07-23,Liquidificador,Casa,1,199.78,Leste,Carlos Santos
2024-07-23,Tênis Esportivo,Roupas,5,294.61,Leste,Ricardo Almeida
2024-07-23,Livro de Python,Livros,6,77.8,Norte,Carlos Santos
2024-07-24,Chocolate Importado,Alimentos,3,25.54,Centro,Ana Silva
2024-07-24,Azeite Extra Virgem,Alimentos,4,47.08,Norte,Ana Silva
2024-07-24,Aspirador de Pó,Casa,5,399.81,Oeste,Paulo Rodrigues
2024-07-24,Liquidificador,Casa,6,212.58,Centro,Patricia Costa
2024-07-25,Jogo de Panelas,Casa,9,299.7,Centro,Paulo Rodrigues
2024-07-25,Fone de Ouvido Bluetooth,Eletrônicos,8,212.64,Sul,Paulo Rodrigues
2024-07-25,Jaqueta de Couro,Roupas,2,512.17,Sul,João Pereira
2024-07-26,Café Premium 500g,Alimentos,2,31.33,Leste,Patricia Costa
2024-07-26,Livro de Negócios,Livros,2,62.16,Centro,Paulo Rodrigues
2024-07-26,Fone de Ouvido Bluetooth,Eletrônicos,4,219.23,Norte,Ricardo Almeida
2024-07-27,Jogo de Toalhas,Casa,5,93.93,Norte,Ricardo Almeida
2024-07-27,Tênis Esportivo,Roupas,10,287.6,Sul,Carlos Santos
2024-07-27,Webcam HD,Eletrônicos,5,305.38,Leste,Ricardo Almeida
2024-07-29,Livro de Negócios,Livros,10,60.56,Leste,Fernanda Lima
2024-07-29,Notebook Dell,Eletrônicos,6,2529.96,Leste,Carlos Santos
2024-07-29,Chocolate Importado,Alimentos,7,27.68,Norte,Paulo Rodrigues
2024-07-29,Aspirador de Pó,Casa,7,431.37,Centro,Maria Oliveira
2024-07-31,Webcam HD,Eletrônicos,4,300.73,Norte,Paulo Rodrigues
2024-07-31,Fone de Ouvido Bluetooth,Eletrônicos,10,194.81,Sul,Ricardo Almeida
2024-07-31,Tênis Esportivo,Roupas,3,308.3,Centro,Maria Oliveira
2024-07-31,Azeite Extra Virgem,Alimentos,2,43.47,Sul,Carlos Santos
2024-08-01,Romance Bestseller,Livros,2,52.03,Centro,Paulo Rodrigues
2024-08-01,Vinho Tinto,Alimentos,2,88.52,Sul,Ricardo Almeida
2024-08-01,Camiseta Básica,Roupas,3,48.01,Oeste,Maria Oliveira
2024-08-01,Vinho Tinto,Alimentos,2,93.92,Centro,João Pereira
2024-08-02,Jogo de Toalhas,Casa,2,95.44,Sul,Ana Silva
2024-08-03,Jogo de Panelas,Casa,10,290.75,Oeste,Maria Oliveira
2024-08-03,Camiseta Básica,Roupas,3,54.11,Centro,Carlos Santos
2024-08-03,Aspirador de Pó,Casa,7,394.92,Oeste,Carlos Santos
2024-08-03,Tênis Esportivo,Roupas,4,311.1,Sul,Patricia Costa
2024-08-03,Camiseta Básica,Roupas,10,48.27,Centro,Ricardo Almeida
2024-08-04,Notebook Dell,Eletrônicos,7,2830.15,Sul,Maria Oliveira
2024-08-04,Vinho Tinto,Alimentos,2,83.73,Centro,Maria Oliveira
2024-08-04,Livro de Python,Livros,4,81.02,Leste,Carlos Santos
2024-08-05,Notebook Dell,Eletrônicos,10,3045.51,Centro,João Pereira
2024-08-05,Vinho Tinto,Alimentos,5,95.86,Centro,Patricia Costa
2024-08-07,Fone de Ouvido Bluetooth,Eletrônicos,5,203.64,Leste,Fernanda Lima
2024-08-07,Chocolate Importado,Alimentos,1,27.66,Oeste,Paulo Rodrigues
2024-08-07,Camiseta Básica,Roupas,9,51.91,Sul,Fernanda Lima
2024-08-07,Café Premium 500g,Alimentos,10,33.19,Sul,João Pereira
2024-08-08,Café Premium 500g,Alimentos,7,35.35,Centro,Patricia Costa
2024-08-08,Livro de Negócios,Livros,2,66.6,Norte,Maria Oliveira
2024-08-08,Chocolate Importado,Alimentos,3,27.95,Norte,Paulo Rodrigues
2024-08-09,Camiseta Básica,Roupas,7,52.79,Centro,Maria Oliveira
2024-08-09,Tênis Esportivo,Roupas,10,269.86,Centro,Ricardo Almeida
2024-08-09,Fone de Ouvido Bluetooth,Eletrônicos,10,218.82,Leste,Fernanda Lima
2024-08-09,Livro de Negócios,Livros,4,61.01,Oeste,Carlos Santos
2024-08-10,Vinho Tinto,Alimentos,6,92.97,Norte,Carlos Santos
2024-08-10,Liquidificador,Casa,8,208.48,Centro,Patricia Costa
2024-08-10,Webcam HD,Eletrônicos,9,281.77,Sul,João Pereira
2024-08-10,Aspirador de Pó,Casa,5,391.48,Leste,Carlos Santos
2024-08-10,Livro de Python,Livros,6,75.88,Sul,João Pereira
2024-08-11,Tênis Esportivo,Roupas,5,275.55,Oeste,Patricia Costa
2024-08-11,Vinho Tinto,Alimentos,7,97.71,Oeste,Patricia Costa
2024-08-12,Jogo de Panelas,Casa,8,325.7,Norte,Ricardo Almeida
2024-08-13,Mouse Logitech,Eletrônicos,8,82.95,Centro,Maria Oliveira
2024-08-14,Liquidificador,Casa,9,194.47,Centro,Fernanda Lima
2024-08-15,Webcam HD,Eletrônicos,8,298.37,Centro,Maria Oliveira
2024-08-15,Azeite Extra Virgem,Alimentos,3,42.99,Sul,Patricia Costa
2024-08-15,Jogo de Toalhas,Casa,1,97.06,Oeste,Ricardo Almeida
2024-08-15,Mouse Logitech,Eletrônicos,5,88.91,Leste,Paulo Rodrigues
2024-08-16,Notebook Dell,Eletrônicos,3,2817.01,Norte,Carlos Santos
2024-08-16,Calça Jeans,Roupas,4,157.28,Sul,Maria Oliveira
2024-08-16,Chocolate Importado,Alimentos,3,25.2,Centro,Fernanda Lima
2024-08-17,Azeite Extra Virgem,Alimentos,2,45.83,Sul,Ana Silva
2024-08-17,Aspirador de Pó,Casa,6,382.2,Centro,Patricia Costa
2024-08-17,Mouse Logitech,Eletrônicos,9,83.36,Centro,Maria Oliveira
2024-08-18,Aspirador de Pó,Casa,3,421.16,Leste,Carlos Santos
2024-08-18,Camiseta Básica,Roupas,6,52.5,Centro,Ricardo Almeida
2024-08-18,Notebook Dell,Eletrônicos,7,2670.39,Leste,Carlos Santos
2024-08-19,Livro de Python,Livros,1,75.19,Sul,Patricia Costa
2024-08-19,Tênis Esportivo,Roupas,5,285.68,Centro,Ana Silva
2024-08-19,Jaqueta de Couro,Roupas,8,463.16,Leste,Patricia Costa
2024-08-20,Chocolate Importado,Alimentos,10,25.23,Oeste,Maria Oliveira
2024-08-21,Liquidificador,Casa,3,208.57,Sul,Ricardo Almeida
2024-08-21,Jogo de Toalhas,Casa,5,81.49,Sul,Ana Silva
2024-08-21,Camiseta Básica,Roupas,9,54.46,Centro,João Pereira
2024-08-23,Livro de Negócios,Livros,2,63.36,Norte,Ana Silva
2024-08-23,Calça Jeans,Roupas,1,149.04,Sul,Patricia Costa
2024-08-23,Liquidificador,Casa,5,204.09,Norte,Paulo Rodrigues
2024-08-23,Jogo de Panelas,Casa,7,274.81,Oeste,João Pereira
2024-08-24,Azeite Extra Virgem,Alimentos,2,46.43,Sul,Ricardo Almeida
2024-08-24,Aspirador de Pó,Casa,8,366.64,Leste,Fernanda Lima
2024-08-24,Jogo de Panelas,Casa,7,320.56,Sul,Fernanda Lima
2024-08-24,Teclado Mecânico,Eletrônicos,5,368.2,Sul,João Pereira
2024-08-24,Jogo de Toalhas,Casa,5,85.59,Centro,Ricardo Almeida
2024-08-24,Chocolate Importado,Alimentos,6,26.57,Sul,Fernanda Lima
2024-08-25,Vinho Tinto,Alimentos,9,88.26,Oeste,Carlos Santos
2024-08-25,Jogo de Panelas,Casa,6,295.97,Leste,Ricardo Almeida
2024-08-25,Livro de Python,Livros,8,74.96,Norte,Ana Silva
2024-08-25,Camiseta Básica,Roupas,5,47.3,Centro,Ricardo Almeida
2024-08-25,Fone de Ouvido Bluetooth,Eletrônicos,9,181.13,Sul,Patricia Costa
2024-08-26,Calça Jeans,Roupas,2,172.01,Oeste,Maria Oliveira
2024-08-27,Café Premium 500g,Alimentos,3,31.42,Leste,Maria Oliveira
2024-08-27,Webcam HD,Eletrônicos,7,316.92,Sul,João Pereira
2024-08-29,Fone de Ouvido Bluetooth,Eletrônicos,2,186.44,Norte,Paulo Rodrigues
2024-08-29,Romance Bestseller,Livros,9,53.57,Sul,Ana Silva
2024-08-29,Webcam HD,Eletrônicos,7,302.32,Leste,Maria Oliveira
2024-08-29,Jogo de Toalhas,Casa,4,88.5,Oeste,Patricia Costa
2024-08-29,Jogo de Panelas,Casa,6,280.52,Leste,Ricardo Almeida
2024-08-30,Azeite Extra Virgem,Alimentos,2,45.61,Oeste,Maria Oliveira
2024-08-30,Vinho Tinto,Alimentos,9,93.9,Norte,Patricia Costa
2024-08-30,Aspirador de Pó,Casa,6,398.16,Norte,Maria Oliveira
2024-08-31,Jogo de Panelas,Casa,10,281.63,Oeste,Patricia Costa
2024-08-31,Webcam HD,Eletrônicos,8,287.7,Leste,Patricia Costa
2024-09-01,Liquidificador,Casa,4,198.51,Centro,Ricardo Almeida
2024-09-02,Jogo de Toalhas,Casa,6,94.36,Oeste,Maria Oliveira
2024-09-02,Café Premium 500g,Alimentos,9,35.23,Norte,Ana Silva
2024-09-02,Mouse Logitech,Eletrônicos,3,87.77,Centro,Carlos Santos
2024-09-02,Jaqueta de Couro,Roupas,6,532.76,Leste,Patricia Costa
2024-09-03,Aspirador de Pó,Casa,10,420.19,Norte,Maria Oliveira
2024-09-03,Notebook Dell,Eletrônicos,10,2800.99,Oeste,Ricardo Almeida
2024-09-03,Camiseta Básica,Roupas,2,54.59,Leste,Fernanda Lima
2024-09-03,Camiseta Básica,Roupas,3,45.05,Oeste,João Pereira
2024-09-04,Camiseta Básica,Roupas,7,53.28,Norte,Carlos Santos
2024-09-06,Azeite Extra Virgem,Alimentos,5,46.74,Sul,Paulo Rodrigues
2024-09-06,Livro de Python,Livros,7,85.45,Oeste,Patricia Costa
2024-09-06,Aspirador de Pó,Casa,9,383.62,Oeste,Maria Oliveira
2024-09-07,Jogo de Toalhas,Casa,4,86.7,Norte,Ana Silva
2024-09-07,Jaqueta de Couro,Roupas,1,541.1,Norte,Carlos Santos
2024-09-07,Livro de Python,Livros,9,80.96,Sul,Maria Oliveira
2024-09-07,Teclado Mecânico,Eletrônicos,9,340.11,Leste,Maria Oliveira
2024-09-07,Livro de Negócios,Livros,7,66.81,Norte,Maria Oliveira
2024-09-07,Teclado Mecânico,Eletrônicos,5,361.83,Oeste,Maria Oliveira
2024-09-07,Jogo de Panelas,Casa,8,292.78,Oeste,Ricardo Almeida
2024-09-08,Teclado Mecânico,Eletrônicos,9,323.13,Oeste,Fernanda Lima
2024-09-08,Camiseta Básica,Roupas,6,48.37,Oeste,Ana Silva
2024-09-09,Fone de Ouvido Bluetooth,Eletrônicos,9,207.68,Centro,Ana Silva
2024-09-09,Livro de Python,Livros,9,77.33,Oeste,Ricardo Almeida
2024-09-09,Livro de Negócios,Livros,9,60.12,Norte,Ricardo Almeida
2024-09-10,Vinho Tinto,Alimentos,4,83.83,Oeste,Fernanda Lima
2024-09-10,Jogo de Toalhas,Casa,8,90.58,Oeste,Paulo Rodrigues
2024-09-10,Aspirador de Pó,Casa,5,415.88,Centro,Ana Silva
2024-09-10,Tênis Esportivo,Roupas,1,313.81,Norte,João Pereira
2024-09-11,Café Premium 500g,Alimentos,6,35.82,Sul,Carlos Santos
2024-09-11,Vinho Tinto,Alimentos,9,95.99,Leste,João Pereira
2024-09-11,Café Premium 500g,Alimentos,2,31.25,Centro,Fernanda Lima
2024-09-11,Webcam HD,Eletrônicos,1,273.27,Oeste,Ana Silva
2024-09-11,Jaqueta de Couro,Roupas,8,479.92,Leste,Ana Silva
2024-09-12,Jaqueta de Couro,Roupas,8,473.65,Oeste,Fernanda Lima
2024-09-12,Chocolate Importado,Alimentos,3,28.49,Oeste,Patricia Costa
2024-09-12,Webcam HD,Eletrônicos,2,269.23,Leste,Ana Silva
2024-09-12,Aspirador de Pó,Casa,9,429.37,Norte,Ana Silva
2024-09-12,Tênis Esportivo,Roupas,4,324.02,Norte,Carlos Santos
2024-09-12,Camiseta Básica,Roupas,3,49.6,Sul,Paulo Rodrigues
2024-09-12,Jaqueta de Couro,Roupas,6,545.63,Leste,Ana Silva
2024-09-13,Chocolate Importado,Alimentos,3,24.6,Leste,Maria Oliveira
2024-09-13,Romance Bestseller,Livros,7,50.08,Sul,Carlos Santos
2024-09-13,Calça Jeans,Roupas,10,144.91,Centro,Patricia Costa
2024-09-13,Livro de Negócios,Livros,10,71.35,Centro,Maria Oliveira
2024-09-14,Livro de Negócios,Livros,5,70.39,Norte,Carlos Santos
2024-09-14,Liquidificador,Casa,1,213.29,Centro,Carlos Santos
2024-09-14,Jogo de Panelas,Casa,9,312.55,Oeste,Ana Silva
2024-09-15,Vinho Tinto,Alimentos,9,84.2,Centro,Ricardo Almeida
2024-09-15,Café Premium 500g,Alimentos,5,33.36,Norte,João Pereira
2024-09-15,Livro de Python,Livros,6,81.79,Centro,Paulo Rodrigues
2024-09-15,Aspirador de Pó,Casa,9,432.57,Norte,Paulo Rodrigues
2024-09-15,Jaqueta de Couro,Roupas,3,509.33,Oeste,Ana Silva
2024-09-16,Calça Jeans,Roupas,1,171.67,Norte,Ricardo Almeida
2024-09-16,Café Premium 500g,Alimentos,4,33.03,Centro,João Pereira
2024-09-16,Café Premium 500g,Alimentos,6,33.79,Oeste,Patricia Costa
2024-09-17,Azeite Extra Virgem,Alimentos,10,43.81,Centro,João Pereira
2024-09-18,Café Premium 500g,Alimentos,3,33.35,Sul,Ana Silva
2024-09-18,Aspirador de Pó,Casa,4,360.44,Centro,João Pereira
2024-09-19,Livro de Python,Livros,6,76.06,Sul,Carlos Santos
2024-09-19,Vinho Tinto,Alimentos,2,95.74,Sul,Patricia Costa
2024-09-19,Livro de Python,Livros,9,81.45,Leste,Patricia Costa
2024-09-19,Aspirador de Pó,Casa,7,409.08,Leste,Ana Silva
2024-09-19,Webcam HD,Eletrônicos,1,309.12,Norte,Patricia Costa
2024-09-20,Vinho Tinto,Alimentos,6,88.45,Centro,Ana Silva
2024-09-20,Café Premium 500g,Alimentos,1,32.79,Centro,Ana Silva
2024-09-21,Aspirador de Pó,Casa,3,419.61,Leste,Carlos Santos
2024-09-21,Teclado Mecânico,Eletrônicos,7,337.81,Oeste,Paulo Rodrigues
2024-09-21,Livro de Negócios,Livros,7,60.99,Oeste,Ricardo Almeida
2024-09-21,Livro de Python,Livros,9,78.63,Leste,João Pereira
2024-09-21,Livro de Negócios,Livros,3,58.95,Norte,João Pereira
2024-09-23,Chocolate Importado,Alimentos,3,25.57,Norte,Fernanda Lima
2024-09-23,Chocolate Importado,Alimentos,8,27.35,Oeste,Paulo Rodrigues
2024-09-24,Romance Bestseller,Livros,2,47.83,Sul,Paulo Rodrigues
2024-09-24,Jogo de Panelas,Casa,7,295.87,Oeste,João Pereira
2024-09-24,Livro de Negócios,Livros,2,60.26,Oeste,João Pereira
2024-09-24,Notebook Dell,Eletrônicos,10,2684.4,Norte,Paulo Rodrigues
2024-09-25,Teclado Mecânico,Eletrônicos,6,337.03,Oeste,Fernanda Lima
2024-09-25,Liquidificador,Casa,10,196.67,Norte,Ricardo Almeida
2024-09-26,Webcam HD,Eletrônicos,1,289.36,Sul,Fernanda Lima
2024-09-28,Jogo de Panelas,Casa,5,269.62,Sul,Fernanda Lima
2024-09-28,Vinho Tinto,Alimentos,6,97.52,Oeste,Patricia Costa
2024-09-28,Livro de Python,Livros,4,75.13,Centro,Paulo Rodrigues
2024-09-28,Calça Jeans,Roupas,10,152.45,Sul,Paulo Rodrigues
2024-09-29,Fone de Ouvido Bluetooth,Eletrônicos,1,219.55,Leste,João Pereira
2024-09-29,Teclado Mecânico,Eletrônicos,5,346.18,Norte,Maria Oliveira
2024-09-30,Liquidificador,Casa,9,216.99,Centro,Fernanda Lima
2024-09-30,Vinho Tinto,Alimentos,7,97.8,Centro,Paulo Rodrigues
2024-09-30,Azeite Extra Virgem,Alimentos,9,43.67,Sul,Paulo Rodrigues
2024-10-01,Jaqueta de Couro,Roupas,1,482.81,Leste,Carlos Santos
2024-10-02,Livro de Python,Livros,1,87.37,Centro,Carlos Santos
2024-10-02,Café Premium 500g,Alimentos,1,30.43,Sul,João Pereira
2024-10-03,Vinho Tinto,Alimentos,1,95.42,Centro,João Pereira
2024-10-03,Camiseta Básica,Roupas,1,50.1,Centro,Paulo Rodrigues
2024-10-03,Romance Bestseller,Livros,10,50.93,Norte,Patricia Costa
2024-10-04,Mouse Logitech,Eletrônicos,8,83.27,Centro,Fernanda Lima
2024-10-04,Webcam HD,Eletrônicos,7,327.66,Oeste,Maria Oliveira
2024-10-04,Jogo de Toalhas,Casa,3,98.32,Sul,Patricia Costa
2024-10-05,Teclado Mecânico,Eletrônicos,6,343.91,Oeste,Maria Oliveira
2024-10-05,Livro de Python,Livros,5,84.2,Centro,Ricardo Almeida
2024-10-05,Fone de Ouvido Bluetooth,Eletrônicos,9,186.15,Norte,Ana Silva
2024-10-06,Aspirador de Pó,Casa,7,415.83,Sul,Patricia Costa
2024-10-06,Calça Jeans,Roupas,2,147.61,Sul,Carlos Santos
2024-10-06,Café Premium 500g,Alimentos,10,29.67,Norte,Maria Oliveira
2024-10-07,Livro de Negócios,Livros,7,66.69,Sul,Ana Silva
2024-10-07,Azeite Extra Virgem,Alimentos,3,44.57,Centro,Fernanda Lima
2024-10-08,Livro de Python,Livros,4,85.24,Oeste,Patricia Costa
2024-10-09,Café Premium 500g,Alimentos,6,31.73,Sul,Carlos Santos
2024-10-09,Teclado Mecânico,Eletrônicos,2,357.66,Centro,Patricia Costa
2024-10-10,Jogo de Toalhas,Casa,9,88.66,Leste,Paulo Rodrigues
2024-10-10,Calça Jeans,Roupas,6,168.92,Oeste,Ana Silva
2024-10-10,Camiseta Básica,Roupas,3,45.16,Norte,João Pereira
2024-10-10,Notebook Dell,Eletrônicos,8,2665.38,Centro,Ricardo Almeida
2024-10-10,Jaqueta de Couro,Roupas,2,513.04,Leste,Paulo Rodrigues
2024-10-10,Webcam HD,Eletrônicos,8,301.63,Centro,Carlos Santos
2024-10-11,Azeite Extra Virgem,Alimentos,5,48.72,Centro,Ana Silva
2024-10-12,Aspirador de Pó,Casa,4,436.71,Centro,Ana Silva
2024-10-13,Jaqueta de Couro,Roupas,8,486.86,Sul,Patricia Costa
2024-10-13,Tênis Esportivo,Roupas,9,271.11,Centro,Ana Silva
2024-10-13,Livro de Negócios,Livros,2,70.88,Sul,Maria Oliveira
2024-10-13,Mouse Logitech,Eletrônicos,7,93.7,Sul,Paulo Rodrigues
2024-10-13,Mouse Logitech,Eletrônicos,4,86.16,Centro,Ana Silva
2024-10-14,Jogo de Toalhas,Casa,9,92.43,Sul,Carlos Santos
2024-10-14,Livro de Python,Livros,8,82.0,Oeste,Paulo Rodrigues
2024-10-14,Aspirador de Pó,Casa,4,366.06,Leste,Carlos Santos
2024-10-16,Azeite Extra Virgem,Alimentos,7,46.94,Oeste,Fernanda Lima
2024-10-17,Jogo de Panelas,Casa,3,294.82,Oeste,Carlos Santos
2024-10-17,Romance Bestseller,Livros,4,54.27,Norte,Patricia Costa
2024-10-17,Azeite Extra Virgem,Alimentos,3,41.47,Leste,Fernanda Lima
2024-10-17,Livro de Negócios,Livros,1,61.63,Sul,Ana Silva
2024-10-17,Camiseta Básica,Roupas,6,45.75,Sul,Paulo Rodrigues
2024-10-17,Notebook Dell,Eletrônicos,9,2983.1,Oeste,Patricia Costa
2024-10-18,Calça Jeans,Roupas,1,154.41,Leste,Ana Silva
2024-10-18,Webcam HD,Eletrônicos,3,310.47,Leste,Fernanda Lima
2024-10-18,Jaqueta de Couro,Roupas,7,492.34,Oeste,Patricia Costa
2024-10-18,Webcam HD,Eletrônicos,3,306.31,Oeste,Carlos Santos
2024-10-19,Mouse Logitech,Eletrônicos,8,81.6,Leste,Fernanda Lima
2024-10-19,Fone de Ouvido Bluetooth,Eletrônicos,7,185.74,Leste,Ricardo Almeida
2024-10-19,Notebook Dell,Eletrônicos,3,3070.02,Sul,João Pereira
2024-10-20,Jogo de Panelas,Casa,4,297.88,Leste,Patricia Costa
2024-10-20,Azeite Extra Virgem,Alimentos,3,49.06,Oeste,Carlos Santos
2024-10-21,Fone de Ouvido Bluetooth,Eletrônicos,2,186.09,Leste,João Pereira
2024-10-21,Livro de Python,Livros,5,75.19,Norte,Carlos Santos
2024-10-21,Azeite Extra Virgem,Alimentos,9,44.61,Sul,Ricardo Almeida
2024-10-22,Fone de Ouvido Bluetooth,Eletrônicos,1,187.74,Centro,Paulo Rodrigues
2024-10-22,Fone de Ouvido Bluetooth,Eletrônicos,10,182.16,Sul,Ana Silva
2024-10-22,Jogo de Toalhas,Casa,8,96.54,Sul,Paulo Rodrigues
2024-10-24,Livro de Negócios,Livros,10,58.71,Centro,Ricardo Almeida
2024-10-24,Jogo de Toalhas,Casa,10,81.38,Sul,Patricia Costa
2024-10-24,Camiseta Básica,Roupas,5,45.57,Norte,João Pereira
2024-10-24,Mouse Logitech,Eletrônicos,5,84.48,Leste,Ana Silva
2024-10-25,Webcam HD,Eletrônicos,7,289.78,Centro,Paulo Rodrigues
2024-10-25,Notebook Dell,Eletrônicos,2,2872.83,Oeste,Carlos Santos
2024-10-26,Chocolate Importado,Alimentos,1,24.76,Centro,Patricia Costa
2024-10-26,Jogo de Toalhas,Casa,9,98.55,Oeste,Maria Oliveira
2024-10-27,Azeite Extra Virgem,Alimentos,10,44.58,Centro,Paulo Rodrigues
2024-10-27,Calça Jeans,Roupas,1,144.32,Centro,Carlos Santos
2024-10-27,Aspirador de Pó,Casa,1,438.77,Leste,Fernanda Lima
2024-10-28,Teclado Mecânico,Eletrônicos,9,367.45,Norte,Patricia Costa
2024-10-28,Jogo de Toalhas,Casa,1,97.45,Sul,Patricia Costa
2024-10-28,Vinho Tinto,Alimentos,2,92.75,Sul,Ana Silva
2024-10-29,Azeite Extra Virgem,Alimentos,4,42.41,Oeste,Patricia Costa
2024-10-29,Calça Jeans,Roupas,5,166.55,Centro,Patricia Costa
2024-10-29,Webcam HD,Eletrônicos,9,313.56,Norte,Fernanda Lima
2024-10-29,Jogo de Toalhas,Casa,1,97.62,Centro,João Pereira
2024-10-29,Webcam HD,Eletrônicos,5,309.84,Oeste,Patricia Costa
2024-10-30,Tênis Esportivo,Roupas,1,273.16,Leste,Ricardo Almeida
2024-10-30,Fone de Ouvido Bluetooth,Eletrônicos,2,190.21,Centro,Fernanda Lima
2024-10-30,Jogo de Panelas,Casa,7,321.99,Leste,Ricardo Almeida
2024-10-31,Chocolate Importado,Alimentos,7,26.05,Oeste,Fernanda Lima
2024-11-02,Chocolate Importado,Alimentos,10,25.74,Sul,Patricia Costa
2024-11-02,Notebook Dell,Eletrônicos,2,2977.72,Oeste,Patricia Costa
2024-11-03,Jogo de Toalhas,Casa,7,86.76,Oeste,João Pereira
2024-11-03,Camiseta Básica,Roupas,7,53.23,Leste,Ana Silva
2024-11-03,Livro de Python,Livros,7,73.69,Oeste,Carlos Santos
2024-11-03,Vinho Tinto,Alimentos,2,82.46,Sul,Fernanda Lima
2024-11-03,Notebook Dell,Eletrônicos,4,3006.94,Norte,Ana Silva
2024-11-03,Liquidificador,Casa,7,208.89,Norte,Patricia Costa
2024-11-04,Aspirador de Pó,Casa,3,390.31,Oeste,Carlos Santos
2024-11-04,Romance Bestseller,Livros,1,45.27,Sul,Maria Oliveira
2024-11-04,Romance Bestseller,Livros,9,50.44,Norte,Fernanda Lima
2024-11-04,Camiseta Básica,Roupas,4,52.97,Centro,Carlos Santos
2024-11-04,Teclado Mecânico,Eletrônicos,2,317.83,Centro,Maria Oliveira
2024-11-04,Calça Jeans,Roupas,9,155.51,Oeste,Carlos Santos
2024-11-05,Chocolate Importado,Alimentos,7,28.1,Sul,Ana Silva
2024-11-05,Liquidificador,Casa,5,192.82,Norte,Carlos Santos
2024-11-06,Webcam HD,Eletrônicos,1,271.94,Leste,Carlos Santos
2024-11-06,Azeite Extra Virgem,Alimentos,8,44.91,Oeste,Patricia Costa
2024-11-06,Chocolate Importado,Alimentos,4,25.46,Norte,Maria Oliveira
2024-11-06,Aspirador de Pó,Casa,10,382.95,Norte,João Pereira
2024-11-06,Liquidificador,Casa,3,188.13,Centro,Maria Oliveira
2024-11-07,Livro de Negócios,Livros,5,68.41,Norte,Patricia Costa
2024-11-07,Fone de Ouvido Bluetooth,Eletrônicos,3,180.4,Oeste,Ricardo Almeida
2024-11-08,Café Premium 500g,Alimentos,10,34.12,Leste,Patricia Costa
2024-11-08,Aspirador de Pó,Casa,6,433.72,Leste,Ana Silva
2024-11-08,Notebook Dell,Eletrônicos,8,2995.71,Sul,Ricardo Almeida
2024-11-08,Fone de Ouvido Bluetooth,Eletrônicos,10,192.54,Oeste,Ana Silva
2024-11-09,Fone de Ouvido Bluetooth,Eletrônicos,10,208.56,Norte,Fernanda Lima
2024-11-10,Jogo de Panelas,Casa,8,297.55,Centro,Paulo Rodrigues
2024-11-11,Mouse Logitech,Eletrônicos,7,89.18,Leste,Maria Oliveira
2024-11-11,Calça Jeans,Roupas,2,157.78,Norte,Fernanda Lima
2024-11-12,Webcam HD,Eletrônicos,2,305.12,Centro,Ana Silva
2024-11-13,Vinho Tinto,Alimentos,9,86.16,Leste,Ricardo Almeida
2024-11-13,Jaqueta de Couro,Roupas,4,473.05,Centro,Patricia Costa
2024-11-13,Jogo de Panelas,Casa,5,288.89,Sul,Carlos Santos
2024-11-14,Liquidificador,Casa,7,216.08,Norte,Paulo Rodrigues
2024-11-15,Mouse Logitech,Eletrônicos,1,85.95,Leste,Patricia Costa
2024-11-15,Livro de Negócios,Livros,2,70.4,Sul,Carlos Santos
2024-11-15,Fone de Ouvido Bluetooth,Eletrônicos,3,211.04,Centro,Ana Silva
2024-11-15,Tênis Esportivo,Roupas,2,288.13,Centro,Paulo Rodrigues
2024-11-15,Livro de Negócios,Livros,3,62.25,Leste,Maria Oliveira
2024-11-16,Mouse Logitech,Eletrônicos,7,93.26,Leste,João Pereira
2024-11-16,Livro de Negócios,Livros,10,59.89,Leste,Ricardo Almeida
2024-11-16,Jaqueta de Couro,Roupas,2,538.04,Oeste,Maria Oliveira
2024-11-17,Chocolate Importado,Alimentos,5,24.1,Centro,João Pereira
2024-11-17,Teclado Mecânico,Eletrônicos,1,357.72,Oeste,Ricardo Almeida
2024-11-18,Livro de Negócios,Livros,10,69.96,Centro,João Pereira
2024-11-18,Notebook Dell,Eletrônicos,8,2930.61,Oeste,Maria Oliveira
2024-11-18,Azeite Extra Virgem,Alimentos,3,43.96,Leste,Paulo Rodrigues
2024-11-18,Liquidificador,Casa,10,211.87,Leste,João Pereira
2024-11-18,Romance Bestseller,Livros,1,54.67,Centro,Ricardo Almeida
2024-11-18,Camiseta Básica,Roupas,3,49.11,Centro,Patricia Costa
2024-11-18,Liquidificador,Casa,3,205.11,Centro,Paulo Rodrigues
2024-11-19,Webcam HD,Eletrônicos,1,282.58,Leste,Ricardo Almeida
2024-11-19,Romance Bestseller,Livros,4,45.45,Norte,Maria Oliveira
2024-11-20,Jaqueta de Couro,Roupas,2,535.44,Sul,Patricia Costa
2024-11-20,Azeite Extra Virgem,Alimentos,10,46.96,Oeste,João Pereira
2024-11-20,Jogo de Toalhas,Casa,8,95.17,Norte,João Pereira
2024-11-21,Romance Bestseller,Livros,10,48.37,Sul,Fernanda Lima
2024-11-21,Notebook Dell,Eletrônicos,9,2792.09,Oeste,Ana Silva
2024-11-21,Notebook Dell,Eletrônicos,8,2839.8,Norte,Patricia Costa
2024-11-21,Tênis Esportivo,Roupas,7,325.89,Sul,Ana Silva
2024-11-22,Teclado Mecânico,Eletrônicos,9,326.66,Oeste,Paulo Rodrigues
2024-11-24,Azeite Extra Virgem,Alimentos,6,42.97,Sul,Fernanda Lima
2024-11-24,Jogo de Toalhas,Casa,7,91.65,Centro,Fernanda Lima
2024-11-24,Liquidificador,Casa,7,193.01,Oeste,João Pereira
2024-11-25,Liquidificador,Casa,9,192.5,Centro,Maria Oliveira
2024-11-26,Chocolate Importado,Alimentos,5,28.19,Sul,Paulo Rodrigues
2024-11-26,Livro de Python,Livros,10,84.34,Oeste,João Pereira
2024-11-27,Jaqueta de Couro,Roupas,1,468.95,Centro,Carlos Santos
2024-11-27,Mouse Logitech,Eletrônicos,6,87.42,Norte,Fernanda Lima
2024-11-27,Romance Bestseller,Livros,1,52.55,Centro,Maria Oliveira
2024-11-28,Café Premium 500g,Alimentos,3,33.41,Leste,Ana Silva
2024-11-28,Webcam HD,Eletrônicos,7,312.71,Sul,Carlos Santos
2024-11-28,Azeite Extra Virgem,Alimentos,1,48.74,Oeste,João Pereira
2024-11-29,Jaqueta de Couro,Roupas,10,508.32,Leste,Fernanda Lima
2024-11-29,Mouse Logitech,Eletrônicos,3,97.15,Oeste,Maria Oliveira
2024-11-29,Vinho Tinto,Alimentos,3,83.35,Norte,Paulo Rodrigues
2024-11-30,Fone de Ouvido Bluetooth,Eletrônicos,6,181.33,Centro,Ana Silva
2024-11-30,Fone de Ouvido Bluetooth,Eletrônicos,2,200.58,Norte,João Pereira
2024-11-30,Chocolate Importado,Alimentos,9,26.71,Centro,Maria Oliveira
2024-12-01,Teclado Mecânico,Eletrônicos,7,383.43,Leste,Maria Oliveira
2024-12-02,Teclado Mecânico,Eletrônicos,6,365.89,Leste,Ana Silva
2024-12-03,Azeite Extra Virgem,Alimentos,9,44.79,Norte,Fernanda Lima
2024-12-03,Teclado Mecânico,Eletrônicos,6,330.71,Sul,Patricia Costa
2024-12-03,Livro de Python,Livros,6,87.82,Oeste,Paulo Rodrigues
2024-12-03,Notebook Dell,Eletrônicos,7,2858.84,Norte,Maria Oliveira
2024-12-04,Mouse Logitech,Eletrônicos,4,92.08,Norte,Ricardo Almeida
2024-12-04,Camiseta Básica,Roupas,4,52.73,Sul,Patricia Costa
2024-12-04,Camiseta Básica,Roupas,8,45.6,Leste,Fernanda Lima
2024-12-05,Fone de Ouvido Bluetooth,Eletrônicos,5,217.48,Centro,Fernanda Lima
2024-12-05,Azeite Extra Virgem,Alimentos,9,49.16,Oeste,Maria Oliveira
2024-12-05,Vinho Tinto,Alimentos,1,92.82,Leste,Ana Silva
2024-12-05,Tênis Esportivo,Roupas,4,290.79,Centro,João Pereira
2024-12-06,Notebook Dell,Eletrônicos,1,2809.79,Norte,Carlos Santos
2024-12-06,Notebook Dell,Eletrônicos,2,2879.19,Sul,Fernanda Lima
2024-12-06,Liquidificador,Casa,6,179.24,Oeste,Paulo Rodrigues
2024-12-06,Aspirador de Pó,Casa,4,416.94,Norte,João Pereira
2024-12-06,Azeite Extra Virgem,Alimentos,4,40.95,Centro,Carlos Santos
2024-12-07,Mouse Logitech,Eletrônicos,10,85.9,Centro,Fernanda Lima
2024-12-07,Tênis Esportivo,Roupas,3,280.37,Leste,Patricia Costa
2024-12-07,Livro de Python,Livros,4,86.26,Centro,Ricardo Almeida
2024-12-07,Webcam HD,Eletrônicos,6,270.52,Oeste,João Pereira
2024-12-08,Azeite Extra Virgem,Alimentos,1,43.22,Centro,Fernanda Lima
2024-12-08,Livro de Python,Livros,3,73.74,Centro,João Pereira
2024-12-09,Jogo de Panelas,Casa,9,284.71,Sul,Paulo Rodrigues
2024-12-09,Fone de Ouvido Bluetooth,Eletrônicos,1,185.57,Centro,Ricardo Almeida
2024-12-09,Azeite Extra Virgem,Alimentos,1,44.09,Leste,Maria Oliveira
2024-12-09,Fone de Ouvido Bluetooth,Eletrônicos,9,199.37,Leste,Paulo Rodrigues
2024-12-10,Aspirador de Pó,Casa,10,400.47,Leste,Ricardo Almeida
2024-12-10,Romance Bestseller,Livros,10,53.64,Centro,Patricia Costa
2024-12-10,Liquidificador,Casa,2,192.55,Sul,Fernanda Lima
2024-12-11,Livro de Python,Livros,2,76.8,Centro,Carlos Santos
2024-12-11,Calça Jeans,Roupas,6,152.12,Sul,Fernanda Lima
2024-12-11,Mouse Logitech,Eletrônicos,6,82.82,Oeste,Carlos Santos
2024-12-11,Fone de Ouvido Bluetooth,Eletrônicos,1,205.79,Leste,Carlos Santos
2024-12-12,Notebook Dell,Eletrônicos,5,2963.04,Oeste,Patricia Costa
2024-12-12,Notebook Dell,Eletrônicos,5,3063.51,Oeste,Maria Oliveira
2024-12-13,Chocolate Importado,Alimentos,5,26.9,Centro,Maria Oliveira
2024-12-13,Calça Jeans,Roupas,1,157.23,Centro,João Pereira
2024-12-13,Livro de Negócios,Livros,9,70.58,Norte,Maria Oliveira
2024-12-13,Teclado Mecânico,Eletrônicos,1,365.2,Leste,Fernanda Lima
2024-12-13,Tênis Esportivo,Roupas,5,269.64,Leste,Fernanda Lima
2024-12-14,Fone de Ouvido Bluetooth,Eletrônicos,9,182.38,Oeste,Fernanda Lima
2024-12-14,Liquidificador,Casa,7,216.55,Centro,Maria Oliveira
2024-12-14,Jogo de Toalhas,Casa,1,91.44,Centro,Carlos Santos
2024-12-14,Notebook Dell,Eletrônicos,1,2875.79,Oeste,Ana Silva
2024-12-15,Mouse Logitech,Eletrônicos,9,97.3,Sul,Carlos Santos
2024-12-15,Teclado Mecânico,Eletrônicos,6,352.83,Leste,Ricardo Almeida
2024-12-15,Jogo de Toalhas,Casa,1,94.39,Centro,Paulo Rodrigues
2024-12-15,Mouse Logitech,Eletrônicos,4,83.87,Centro,Paulo Rodrigues
2024-12-16,Teclado Mecânico,Eletrônicos,8,377.27,Oeste,Maria Oliveira
2024-12-16,Azeite Extra Virgem,Alimentos,2,47.26,Oeste,Ricardo Almeida
2024-12-16,Aspirador de Pó,Casa,4,418.47,Norte,Fernanda Lima
2024-12-16,Livro de Python,Livros,7,72.75,Leste,Fernanda Lima
2024-12-17,Teclado Mecânico,Eletrônicos,8,362.17,Sul,Carlos Santos
2024-12-17,Jaqueta de Couro,Roupas,5,523.52,Sul,Ricardo Almeida
2024-12-18,Webcam HD,Eletrônicos,6,296.75,Centro,Ana Silva
2024-12-19,Café Premium 500g,Alimentos,5,31.47,Oeste,Fernanda Lima
2024-12-20,Webcam HD,Eletrônicos,8,279.47,Centro,Ana Silva
2024-12-20,Aspirador de Pó,Casa,8,363.21,Sul,João Pereira
2024-12-21,Teclado Mecânico,Eletrônicos,10,340.15,Centro,Paulo Rodrigues
2024-12-21,Teclado Mecânico,Eletrônicos,8,323.8,Oeste,Patricia Costa
2024-12-21,Romance Bestseller,Livros,7,46.91,Norte,João Pereira
2024-12-21,Tênis Esportivo,Roupas,2,307.25,Sul,Fernanda Lima
2024-12-22,Fone de Ouvido Bluetooth,Eletrônicos,9,200.24,Centro,Maria Oliveira
2024-12-22,Liquidificador,Casa,5,188.13,Norte,Carlos Santos
2024-12-23,Calça Jeans,Roupas,9,165.96,Norte,Ricardo Almeida
2024-12-24,Liquidificador,Casa,8,217.62,Leste,Fernanda Lima
2024-12-24,Livro de Negócios,Livros,7,64.28,Sul,Paulo Rodrigues
2024-12-24,Jogo de Toalhas,Casa,1,91.38,Sul,João Pereira
2024-12-25,Camiseta Básica,Roupas,1,49.34,Oeste,Carlos Santos
2024-12-25,Tênis Esportivo,Roupas,4,304.36,Centro,Maria Oliveira
2024-12-25,Chocolate Importado,Alimentos,7,25.26,Centro,Fernanda Lima
2024-12-25,Livro de Negócios,Livros,2,70.73,Norte,Fernanda Lima
2024-12-25,Aspirador de Pó,Casa,8,434.08,Centro,Fernanda Lima
2024-12-25,Tênis Esportivo,Roupas,3,319.43,Norte,Maria Oliveira
2024-12-25,Tênis Esportivo,Roupas,1,294.73,Sul,Fernanda Lima
2024-12-26,Fone de Ouvido Bluetooth,Eletrônicos,9,216.76,Norte,Maria Oliveira
2024-12-26,Jaqueta de Couro,Roupas,10,541.9,Oeste,Patricia Costa
2024-12-26,Romance Bestseller,Livros,1,46.01,Sul,Patricia Costa
2024-12-26,Teclado Mecânico,Eletrônicos,3,353.24,Oeste,Maria Oliveira
2024-12-27,Teclado Mecânico,Eletrônicos,8,319.17,Centro,Patricia Costa
2024-12-27,Camiseta Básica,Roupas,2,53.2,Norte,Patricia Costa
2024-12-27,Jaqueta de Couro,Roupas,5,527.47,Centro,Carlos Santos
2024-12-28,Liquidificador,Casa,2,199.92,Sul,Patricia Costa
2024-12-29,Jaqueta de Couro,Roupas,10,542.95,Centro,Ricardo Almeida
2024-12-29,Jaqueta de Couro,Roupas,4,514.55,Centro,Ana Silva
2024-12-30,Fone de Ouvido Bluetooth,Eletrônicos,6,191.32,Sul,Ana Silva
2024-12-30,Chocolate Importado,Alimentos,9,25.58,Oeste,Carlos Santos
2024-12-30,Jaqueta de Couro,Roupas,7,463.79,Sul,Fernanda Lima
2024-12-31,Café Premium 500g,Alimentos,8,30.08,Oeste,Ricardo Almeida
2024-12-31,Chocolate Importado,Alimentos,7,27.2,Norte,Ricardo Almeida
2024-12-31,Jaqueta de Couro,Roupas,8,535.69,Leste,Fernanda Lima
2024-12-31,Romance Bestseller,Livros,4,45.79,Sul,Carlos Santos
2024-12-31,Webcam HD,Eletrônicos,5,310.43,Sul,Ricardo Almeida
2024-12-31,Notebook Dell,Eletrônicos,1,2786.79,Sul,Ricardo Almeida
2024-12-31,Livro de Negócios,Livros,5,58.66,Centro,Paulo Rodrigues
2024-12-31,Jogo de Panelas,Casa,3,290.75,Norte,Paulo Rodrigues
